Source Name,First Action Decision,Last Action Decision,Triage Outcome,Article Title,Retriaged,Retriaged Sort,Reasoning
Bloomberg law - litigation,Edit & Publish,Irrelevant,Rejected,Federal Circuit Rebuffs Apple’s Bid to Rein in Patent Office,Yes,0,Irrelevant Content
ACI Worldwide,Irrelevant Content,Irrelevant,Rejected,"Peru, Chile and Argentina Enter a New Phase of Growth Driven by Real-Time Payments, ACI Worldwide Report Finds",Yes,0,Irrelevant Content
AgriPro,Publish,Publish,Published,"Games and Finance, Brightstar: revenues of almost 500 million euros in the first quarter of 2026 (+1%), Ebitda at 244.3 million (+15%)",No,1,"This article reports a notable development with financial implications, including potential impacts on revenue, costs, balance sheet strength, or shareholder value."
Alight,Publish as Calendar Event,Publish as Calendar Event,Published,Alight to Announce Fourth Quarter and Full Year 2025 Results,No,1,"Investor conference or earnings presentation provides management a direct channel to update capital markets on financial strategy, performance metrics, and forward-looking expectations."
Aircargo News,Publish,Publish as Results Event,Published,Etihad sees cargo revenues rise as profits hit record levels,Yes,0,"Earnings disclosure reveals actual revenue, profitability, and cash flow performance, giving investors and analysts the data needed to assess financial health and update valuations."
BBC,Duplicate,Publish,Published,Apple says some Mac Mini production will move to the US,Yes,0,"This article reports a notable development with financial implications, including potential impacts on revenue, costs, balance sheet strength, or shareholder value."
Amer Sports,Duplicate,Publish as Results Event,Published,"Amer Sports Reports Third Quarter 2025 Financial Results, Raises Full Year Revenue, Margin, and EPS Guidance",Yes,0,"Earnings disclosure reveals actual revenue, profitability, and cash flow performance, giving investors and analysts the data needed to assess financial health and update valuations."
Aristegui Noticias,Irrelevant Content,Irrelevant,Rejected,Pemex formalizes the installation of the Petroleum Advisory Commission,Yes,0,Irrelevant Content
Amneal Pharma,Edit & Publish,Publish as Results Event,Published,Amneal Agrees to Acquire Kashiv BioSciences to Create Global Biosimilar Leader; Reports Strong Preliminary First Quarter 2026 Financial Results and Raises FY2026 Standalone Guidance,Yes,0,"Earnings disclosure reveals actual revenue, profitability, and cash flow performance, giving investors and analysts the data needed to assess financial health and update valuations."
Acco Brands,Irrelevant Content,Publish,Published,ACCO Brands Corporation Declares Quarterly Dividend,Yes,0,"This article reports a notable development with financial implications, including potential impacts on revenue, costs, balance sheet strength, or shareholder value."
Atlanta Journal-Constitution,Irrelevant Content,Irrelevant,Rejected,GHSA president backs Mercedes-Benz Stadium despite 2025 loss,Yes,0,Irrelevant Content
WSJ,Irrelevant Content,Publish,Published,GFL Environmental to Buy Secure Waste Infrastructure,Yes,0,"This article reports a notable development with financial implications, including potential impacts on revenue, costs, balance sheet strength, or shareholder value."
ANI Pharmaceuticals,Publish as Calendar Event,Publish as Calendar Event,Published,"ANI Pharmaceuticals to Discuss Fourth Quarter and Full Year 2025 Financial Results on February 27, 2026, at 8:00 a.m. ET",No,1,"Investor conference or earnings presentation provides management a direct channel to update capital markets on financial strategy, performance metrics, and forward-looking expectations."
Reuters - Global,Irrelevant Content,Publish,Published,CORRECTED Hyundai Motor plans to launch 36 new models in North America by 2030 - Reuters,Yes,0,"This article reports a notable development with financial implications, including potential impacts on revenue, costs, balance sheet strength, or shareholder value."
Affaritaliani,Duplicate,Publish,Published,"EssilorLuxottica, quarto trimestre da record. Così il fatturato è schizzato a 28.5 miliardi nel 2025",Yes,0,"This article reports a notable development with financial implications, including potential impacts on revenue, costs, balance sheet strength, or shareholder value."
ANI Pharmaceuticals,Publish as Results Event,Publish as Results Event,Published,ANI Pharmaceuticals Reports First Quarter 2026 Financial Results and Raises 2026 Financial Guidance,No,1,"Earnings disclosure reveals actual revenue, profitability, and cash flow performance, giving investors and analysts the data needed to assess financial health and update valuations."
Amkor Technology,Irrelevant Content,Irrelevant,Rejected,Amkor Technology Expands U.S. Advanced Packaging Footprint with Additional Land in Arizona,Yes,0,Irrelevant Content
Atlanta Journal-Constitution,Irrelevant Content,Irrelevant,Rejected,Falcons add to front office with Bryce Johnston hire,Yes,0,Irrelevant Content
Businesswire,Duplicate,Irrelevant,Rejected,Clean Harbors Formally Releases PFAS Disposal and Treatment Guidance Standards to Assist Customers and Communities with Decision Making,Yes,0,Irrelevant Content
l'informe,Irrelevant Content,Publish,Published,Ardian forced to sell Expleo's activities to get rid of debt,Yes,0,"This article reports a notable development with financial implications, including potential impacts on revenue, costs, balance sheet strength, or shareholder value."
American Express Global Business Travel,Duplicate,Publish,Published,American Express Global Business Travel Doubles Share Repurchase Authorization to $600 Million,Yes,0,"This article reports a notable development with financial implications, including potential impacts on revenue, costs, balance sheet strength, or shareholder value."
Alta Equipment,Publish as Results Event,Publish as Results Event,Published,Alta Equipment Group Announces First Quarter 2026 Financial Results,No,1,"Earnings disclosure reveals actual revenue, profitability, and cash flow performance, giving investors and analysts the data needed to assess financial health and update valuations."
BBC,Irrelevant Content,Irrelevant,Rejected,Uber rolls out women-only option in the US,Yes,0,Irrelevant Content
Atlanta Journal-Constitution,Irrelevant Content,Publish,Published,"Home Depot continues buying spree, plans to acquire business aimed at pros",Yes,0,"This article reports a notable development with financial implications, including potential impacts on revenue, costs, balance sheet strength, or shareholder value."
AECOM,Publish as Results Event,Publish as Results Event,Published,AECOM reports second quarter fiscal 2026 results,No,1,"Earnings disclosure reveals actual revenue, profitability, and cash flow performance, giving investors and analysts the data needed to assess financial health and update valuations."
Reuters - Global,Duplicate,Publish as Results Event,Published,"Four years into war, Russia's energy revenues drop but oil keeps flowing - Reuters",Yes,0,"Earnings disclosure reveals actual revenue, profitability, and cash flow performance, giving investors and analysts the data needed to assess financial health and update valuations."
Affaritaliani,Duplicate,Publish,Published,"USA, the cinema risk is rekindled: Paramount improves its offer for Warner Bros., ready to pay even the penalty for Netflix",Yes,0,"This article reports a notable development with financial implications, including potential impacts on revenue, costs, balance sheet strength, or shareholder value."
WSJ,Irrelevant Content,Publish,Published,Firm Retention Summary: QVC Group,Yes,0,"This article reports a notable development with financial implications, including potential impacts on revenue, costs, balance sheet strength, or shareholder value."
via Google News,Duplicate,Publish,Published,Halifax brand to be axed by Lloyds after 173 years - The Times,Yes,0,"This article reports a notable development with financial implications, including potential impacts on revenue, costs, balance sheet strength, or shareholder value."
Acadia Healthcare,Publish as Results Event,Publish as Results Event,Published,Acadia Healthcare Announces First Quarter 2026 Results,No,1,"Earnings disclosure reveals actual revenue, profitability, and cash flow performance, giving investors and analysts the data needed to assess financial health and update valuations."
AgriPro,Irrelevant Content,Irrelevant,Rejected,"Extensions of equipment concessions, published in the Official European Gazette of the EU Court of Justice order on the Cirsa Italia-ADM case",Yes,0,Irrelevant Content
Aristegui Noticias,Publish Silently,Publish,Published,SCJN rules in favor of Televisa; Treasury must give it 103 million,Yes,0,"This article reports a notable development with financial implications, including potential impacts on revenue, costs, balance sheet strength, or shareholder value."
Amkor Technology,Irrelevant Content,Irrelevant,Rejected,Amkor Technology to Host 2026 Investor Day and Ring Nasdaq Closing Bell,Yes,0,Irrelevant Content
Amplify Energy,Publish as Results Event,Publish as Results Event,Published,Amplify Energy Announces First Quarter 2026 Results and Announces Beta Field Royalty Relief,No,1,"Earnings disclosure reveals actual revenue, profitability, and cash flow performance, giving investors and analysts the data needed to assess financial health and update valuations."
BBC,Irrelevant Content,Irrelevant,Rejected,Bangaranga! Bulgaria wins Eurovision - but UK comes last,Yes,0,Irrelevant Content
AgriPro,Irrelevant Content,Irrelevant,Rejected,"Lotto, 61,000 euro poker in Lombardy",Yes,0,Irrelevant Content
Amneal Pharma,Publish as Results Event,Publish as Results Event,Published,Amneal Reports Fourth Quarter and Full Year 2025 Financial Results,No,1,"Earnings disclosure reveals actual revenue, profitability, and cash flow performance, giving investors and analysts the data needed to assess financial health and update valuations."
Atlanta Journal-Constitution,Duplicate,Publish,Published,Atlanta-based Fortune 500 company Genuine Parts plans to split in two,Yes,0,"This article reports a notable development with financial implications, including potential impacts on revenue, costs, balance sheet strength, or shareholder value."
Ashland,Publish,Publish,Published,Ashland announces strategic partnership with IMCD for the exclusive distribution of personal and home care ingredients in the United States,No,1,"This article reports a notable development with financial implications, including potential impacts on revenue, costs, balance sheet strength, or shareholder value."
Businesswire,Irrelevant Content,Publish,Published,Cornerstone Building Brands Names Veteran HR Executive Michael Pulcanio as Its New Executive Vice President and Chief Human Resources Officer,Yes,0,"This article reports a notable development with financial implications, including potential impacts on revenue, costs, balance sheet strength, or shareholder value."
American Airlines Group,Duplicate,Publish,Published,American Airlines elects Mary Dillon to its board of directors,Yes,0,"This article reports a notable development with financial implications, including potential impacts on revenue, costs, balance sheet strength, or shareholder value."
pr-newswire,Publish,Publish,Published,"Bank of America Announces Redemption of JPY 27,800,000,000 0.534% Fixed/Floating Rate Senior Notes, due March 18, 2027",No,1,"This article reports a notable development with financial implications, including potential impacts on revenue, costs, balance sheet strength, or shareholder value."
Amneal Pharma,Publish as Calendar Event,Publish as Calendar Event,Published,"Amneal to Report First Quarter 2026 Results on May 1, 2026",No,1,"Investor conference or earnings presentation provides management a direct channel to update capital markets on financial strategy, performance metrics, and forward-looking expectations."
GlobeNewsWire,Publish Silently,Publish,Published,Sanoma redeems its outstanding hybrid bond on the reset date 16 March 2026,Yes,0,"This article reports a notable development with financial implications, including potential impacts on revenue, costs, balance sheet strength, or shareholder value."
Aristegui Noticias,Irrelevant Content,Irrelevant,Rejected,"Dos Bocas 'continues to operate under safe conditions', 'there is no cause for alarm': Pemex",Yes,0,Irrelevant Content
Businesswire,Irrelevant Content,Publish,Published,First Eagle Active ETF Platform Surpasses $3 Billion in Assets Less than 18 Months after Launch,Yes,0,"This article reports a notable development with financial implications, including potential impacts on revenue, costs, balance sheet strength, or shareholder value."
pr-newswire,Edit & Publish,Publish,Published,Taproot Capital Announces Strategic Partnership with Altair Industries,Yes,0,"This article reports a notable development with financial implications, including potential impacts on revenue, costs, balance sheet strength, or shareholder value."
BBC,Irrelevant Content,Irrelevant,Rejected,Apple and Google agree to change app stores after 'effective duopoly' claim,Yes,0,Irrelevant Content
Carter's,Publish,Publish as Results Event,Published,"Carter’s, Inc. Reports First Quarter Fiscal 2026 Results",Yes,0,"Earnings disclosure reveals actual revenue, profitability, and cash flow performance, giving investors and analysts the data needed to assess financial health and update valuations."
American Airlines Group,Publish as Results Event,Publish as Results Event,Published,American Airlines reports first-quarter 2026 financial results,No,1,"Earnings disclosure reveals actual revenue, profitability, and cash flow performance, giving investors and analysts the data needed to assess financial health and update valuations."
WSJ,Irrelevant Content,Publish,Published,Norwegian Cruise Line to Overhaul Board After Truce With Elliott,Yes,0,"This article reports a notable development with financial implications, including potential impacts on revenue, costs, balance sheet strength, or shareholder value."
La Nación,Irrelevant Content,Publish,Published,Tecpetrol and Pampa Energía sued Enarsa for gas payment debts,Yes,0,"This article reports a notable development with financial implications, including potential impacts on revenue, costs, balance sheet strength, or shareholder value."
Affaritaliani,Irrelevant Content,Publish,Published,"FiberCop-TIM, the network's secret game: green light from the Antitrust. Here's what's happening now",Yes,0,"This article reports a notable development with financial implications, including potential impacts on revenue, costs, balance sheet strength, or shareholder value."
Aramark,Duplicate,Publish as Results Event,Published,Aramark Reports First Quarter Earnings,Yes,0,"Earnings disclosure reveals actual revenue, profitability, and cash flow performance, giving investors and analysts the data needed to assess financial health and update valuations."
Amer Sports,Publish as Results Event,Publish as Results Event,Published,"Amer Sports Reports First Quarter 2026 Financial Results, Raises Full Year Revenue, Margin, and EPS Guidance",No,1,"Earnings disclosure reveals actual revenue, profitability, and cash flow performance, giving investors and analysts the data needed to assess financial health and update valuations."
Infobae,Irrelevant Content,Publish,Published,A Bioceres company announced that it will restructure its debt: it seeks to improve conditions and extend terms,Yes,0,"This article reports a notable development with financial implications, including potential impacts on revenue, costs, balance sheet strength, or shareholder value."
Businesswire,Publish,Publish as Results Event,Published,Cleveland-Cliffs Reports First-Quarter 2026 Results,Yes,0,"Earnings disclosure reveals actual revenue, profitability, and cash flow performance, giving investors and analysts the data needed to assess financial health and update valuations."
ACI Worldwide,Publish as Calendar Event,Publish as Calendar Event,Published,ACI Worldwide to Report First Quarter 2026 Financial Results,No,1,"Investor conference or earnings presentation provides management a direct channel to update capital markets on financial strategy, performance metrics, and forward-looking expectations."
Academy Sports and Outdoors,Duplicate,Publish,Published,Academy Sports + Outdoors Announces Preliminary First Quarter Fiscal 2026 Sales Update Ahead of its Analyst Day,Yes,0,"This article reports a notable development with financial implications, including potential impacts on revenue, costs, balance sheet strength, or shareholder value."
Aptiv,Publish as Results Event,Publish as Results Event,Published,Aptiv Reports First Quarter 2026 Financial Results,No,1,"Earnings disclosure reveals actual revenue, profitability, and cash flow performance, giving investors and analysts the data needed to assess financial health and update valuations."
GlobeNewsWire,Irrelevant Content,Publish as Results Event,Published,RCI Banque: ‘’Audited Consolidated Financial Statements as at December 31th 2025’’,Yes,0,"Earnings disclosure reveals actual revenue, profitability, and cash flow performance, giving investors and analysts the data needed to assess financial health and update valuations."
Bloomberg Law,Irrelevant Content,Publish,Published,SpaceX IPO Adds Second Musk Stock. It’s a Problem for Tesla (2),Yes,0,"This article reports a notable development with financial implications, including potential impacts on revenue, costs, balance sheet strength, or shareholder value."
La Repubblica,Edit & Publish,Irrelevant,Rejected,"Banks, potential value of 8 billion from AI for the Italian system in three years",Yes,0,Irrelevant Content
AgriPro,Irrelevant Content,Irrelevant,Rejected,"Responsible gaming, Ipsos-Fondazione Fair research: inincisive communication, greater effectiveness is needed to support players",Yes,0,Irrelevant Content
Amkor Technology,Publish as Calendar Event,Publish as Calendar Event,Published,"May 21, 2026 9:00 AM EDT : Amkor Technology Investor Day 2026",No,1,"Investor conference or earnings presentation provides management a direct channel to update capital markets on financial strategy, performance metrics, and forward-looking expectations."
GlobeNewsWire,Edit & Publish,Publish as Results Event,Published,Landsbankinn hf.: Landsbankinn's financial statements for the first three months of 2026,Yes,0,"Earnings disclosure reveals actual revenue, profitability, and cash flow performance, giving investors and analysts the data needed to assess financial health and update valuations."
via Google News,Duplicate,Publish,Published,SpaceX Speeds Up IPO Listing: Analyst Warns Of ‘Elon Musk Effect’ - Forbes,Yes,0,"This article reports a notable development with financial implications, including potential impacts on revenue, costs, balance sheet strength, or shareholder value."
Sportico,Publish,Irrelevant,Rejected,Chelsea Lost EPL-Record $349 Million During 2024-25 Season,Yes,0,Irrelevant Content
Guardian,Irrelevant Content,Publish,Published,Nissan ponders building cars for Chinese rivals at Sunderland plant,Yes,0,"This article reports a notable development with financial implications, including potential impacts on revenue, costs, balance sheet strength, or shareholder value."
Alta Equipment,Publish as Results Event,Publish as Results Event,Published,Alta Equipment Group Announces Fourth Quarter and Full Year 2025 Financial Results and Provides Adjusted EBITDA Guidance for 2026,No,1,"Earnings disclosure reveals actual revenue, profitability, and cash flow performance, giving investors and analysts the data needed to assess financial health and update valuations."
Allison Transmission,Irrelevant Content,Irrelevant,Rejected,Allison Transmission Recognized as Best Performing Supplier by Penske Truck Leasing,Yes,0,Irrelevant Content
BNamericas,Irrelevant Content,Publish,Published,Barrick keeps Pueblo Viejo US$2.6bn capex as works shift to tailings infrastructure,Yes,0,"This article reports a notable development with financial implications, including potential impacts on revenue, costs, balance sheet strength, or shareholder value."
GlobeNewsWire,Publish,Irrelevant,Rejected,The notes redeemed by Municipality Finance have been removed from trading at Nasdaq Helsinki,Yes,0,Irrelevant Content
Valor Econômico,Irrelevant Content,Publish,Published,Aneel opens analysis to break Enel SP's contract,Yes,0,"This article reports a notable development with financial implications, including potential impacts on revenue, costs, balance sheet strength, or shareholder value."
AMN Healthcare,Publish as Calendar Event,Publish as Calendar Event,Published,"February 19, 2026 5:00 PM EST : AMN Healthcare 4th Quarter 2025 Earnings Call",No,1,"Investor conference or earnings presentation provides management a direct channel to update capital markets on financial strategy, performance metrics, and forward-looking expectations."
Alight,Publish as Results Event,Publish as Results Event,Published,Alight Reports First Quarter 2026 Results,No,1,"Earnings disclosure reveals actual revenue, profitability, and cash flow performance, giving investors and analysts the data needed to assess financial health and update valuations."
Applovin,Publish as Calendar Event,Publish as Calendar Event,Published,AppLovin to Announce First Quarter 2026 Results,No,1,"Investor conference or earnings presentation provides management a direct channel to update capital markets on financial strategy, performance metrics, and forward-looking expectations."
AgriPro,Irrelevant Content,Irrelevant,Rejected,"Lotto, Adm suspends the criteria for increasing and reducing terminals in receivers",Yes,0,Irrelevant Content
Standard,Irrelevant Content,Publish,Published,BrewDog to shut 38 bars with 484 job losses despite US takeover deal,Yes,0,"This article reports a notable development with financial implications, including potential impacts on revenue, costs, balance sheet strength, or shareholder value."
PR Newswire,Incorrect Entity Match,Publish as Calendar Event,Published,Nova to Report First Quarter 2026 Financial Results on May 14,Yes,0,"Investor conference or earnings presentation provides management a direct channel to update capital markets on financial strategy, performance metrics, and forward-looking expectations."
Amkor Technology,Publish,Publish,Published,Amkor Technology Announces Secondary Offering of 10 Million Shares of Common Stock by the Kim Family,No,1,"This article reports a notable development with financial implications, including potential impacts on revenue, costs, balance sheet strength, or shareholder value."
Bloomberg,Publish,Irrelevant,Rejected,Airbnb Hires Uber Veteran Fuldner as Global Head of Operations,Yes,0,Irrelevant Content
Affaritaliani,Publish,Publish,Published,"Exor, turnaround on Italian healthcare: John Elkann sells 80% of Lifenet Healthcare. 600 million transaction",No,1,"This article reports a notable development with financial implications, including potential impacts on revenue, costs, balance sheet strength, or shareholder value."
Atlanta Journal-Constitution,Duplicate,Publish,Published,Netflix backs out of bid to acquire CNN-parent Warner Bros. Discovery,Yes,0,"This article reports a notable development with financial implications, including potential impacts on revenue, costs, balance sheet strength, or shareholder value."
AgriPro,Irrelevant Content,Irrelevant,Rejected,"Enter Italy, leave CEO Faelli, Curry Sloan comes in his place: “Central Italian Market”",Yes,0,Irrelevant Content
pr-newswire,Duplicate,Irrelevant,Rejected,Kyndryl (KD) Faces Class Action Alleging Reported Free Cash Flow Metrics Concealed True Financial Condition Prior to 55% Stock Collapse - Hagens Berman,Yes,0,Irrelevant Content
BBC,Irrelevant Content,Irrelevant,Rejected,Has Newey Aston Martin team boss project failed? F1 Q&A,Yes,0,Irrelevant Content
Assurant,Irrelevant Content,Publish as Results Event,Published,Test Item: Company reports Q1 2023 Earnings Results,Yes,0,"Earnings disclosure reveals actual revenue, profitability, and cash flow performance, giving investors and analysts the data needed to assess financial health and update valuations."
Bloomberg,Irrelevant Content,Publish,Published,"West Marine Files Bankruptcy to Cut Debt, Close More Stores",Yes,0,"This article reports a notable development with financial implications, including potential impacts on revenue, costs, balance sheet strength, or shareholder value."
Businesswire,Duplicate,Publish,Published,Pantheon Expands Global Investment and Client Solutions Capabilities With Four Partner Promotions,Yes,0,"This article reports a notable development with financial implications, including potential impacts on revenue, costs, balance sheet strength, or shareholder value."
AgriPro,Irrelevant Content,Irrelevant,Rejected,"ADM, new management positions are open in the local area: applications by April 20",Yes,0,Irrelevant Content
Affaritaliani,Irrelevant Content,Irrelevant,Rejected,"Real estate, Milan queen of the market: alone it is worth 8 billion euros. The 'hidden' opportunities where to invest",Yes,0,Irrelevant Content
Aristegui Noticias,Duplicate,Publish,Published,SpaceX solicita exención fiscal para construir planta de chips en Texas,Yes,0,"This article reports a notable development with financial implications, including potential impacts on revenue, costs, balance sheet strength, or shareholder value."
ACI Worldwide,Irrelevant Content,Irrelevant,Rejected,ACI Worldwide and Security Bank Philippines Set New Benchmark for Enterprise-wide Payments Modernization,Yes,0,Irrelevant Content
LatinFinance,Duplicate,Publish,Published,Petroperú hires new chairman to lead restructuring effort,Yes,0,"This article reports a notable development with financial implications, including potential impacts on revenue, costs, balance sheet strength, or shareholder value."
Academy Sports and Outdoors,Publish,Publish,Published,Academy Sports + Outdoors Increases Quarterly Cash Dividend,No,1,"This article reports a notable development with financial implications, including potential impacts on revenue, costs, balance sheet strength, or shareholder value."
GlobeNewsWire,Duplicate,Publish,Published,SUNation Energy Announces Reduction in Long-Term Debt by Approximately $1.2 Million,Yes,0,"This article reports a notable development with financial implications, including potential impacts on revenue, costs, balance sheet strength, or shareholder value."
Bloomberg,Irrelevant Content,Publish,Published,Ford Brings Bronco SUV to Europe in Push for Car-Sales Growth,Yes,0,"This article reports a notable development with financial implications, including potential impacts on revenue, costs, balance sheet strength, or shareholder value."
APi Group,Publish as Results Event,Publish as Results Event,Published,APi Group Reports Record Fourth Quarter and Full Year 2025 Financial Results,No,1,"Earnings disclosure reveals actual revenue, profitability, and cash flow performance, giving investors and analysts the data needed to assess financial health and update valuations."
BBC,Duplicate,Publish,Published,Ford says it took an extra $900m tariff hit last year,Yes,0,"This article reports a notable development with financial implications, including potential impacts on revenue, costs, balance sheet strength, or shareholder value."
CNBC,Irrelevant Content,Publish,Published,J&J is off to a strong start in 2026 — here's how our newest stock can build on it,Yes,0,"This article reports a notable development with financial implications, including potential impacts on revenue, costs, balance sheet strength, or shareholder value."
GlobeNewsWire,Duplicate,Publish,Published,AMG Critical Materials N.V. Announces Strategic Acquisition of AURA Technologie to Establish First Circular High-Purity Molybdenum Platform,Yes,0,"This article reports a notable development with financial implications, including potential impacts on revenue, costs, balance sheet strength, or shareholder value."
pr-newswire,Publish,Irrelevant,Rejected,"Freepik becomes Magnific, Hits $230M ARR and Introduces the 'No-Collar' Creative Economy",Yes,0,Irrelevant Content
Allegiant Travel,Publish as Calendar Event,Publish as Calendar Event,Published,ALLEGIANT TRAVEL COMPANY SCHEDULES FIRST QUARTER 2026 EARNINGS CALL,No,1,"Investor conference or earnings presentation provides management a direct channel to update capital markets on financial strategy, performance metrics, and forward-looking expectations."
AECOM,Duplicate,Publish as Results Event,Published,AECOM reports first quarter fiscal 2026 results,Yes,0,"Earnings disclosure reveals actual revenue, profitability, and cash flow performance, giving investors and analysts the data needed to assess financial health and update valuations."
Asia Times,Publish Silently,Publish,Published,Iran war is already bolstering Russia in Ukraine,Yes,0,"This article reports a notable development with financial implications, including potential impacts on revenue, costs, balance sheet strength, or shareholder value."
Amer Sports,Irrelevant Content,Publish,Published,"Amer Sports Announces Pricing of its Public Offering of 20,604,396 Ordinary Shares",Yes,0,"This article reports a notable development with financial implications, including potential impacts on revenue, costs, balance sheet strength, or shareholder value."
Aramark,Publish as Calendar Event,Publish as Calendar Event,Published,Aramark to Host Conference Call on Second Quarter Fiscal 2026 Results,No,1,"Investor conference or earnings presentation provides management a direct channel to update capital markets on financial strategy, performance metrics, and forward-looking expectations."
BNamericas,Irrelevant Content,Publish,Published,Colombia's GEB pushes Ballenas LNG as Venezuelan gas lags,Yes,0,"This article reports a notable development with financial implications, including potential impacts on revenue, costs, balance sheet strength, or shareholder value."
Ashland,Irrelevant Content,Irrelevant,Rejected,Ashland agrimer™ eco-coat polymer seed coating from the Transformed Vegetable Oils (TVO) platform receives approval for all food and non-food uses in pesticide formulations including for sale in the U.S.,Yes,0,Irrelevant Content
Atkore,Publish as Calendar Event,Publish as Calendar Event,Published,Atkore Inc. Announces Second Quarter Fiscal Year 2026 Earnings Release Date and Conference Call,No,1,"Investor conference or earnings presentation provides management a direct channel to update capital markets on financial strategy, performance metrics, and forward-looking expectations."
GlobeNewsWire,Irrelevant Content,Publish,Published,VALLOUREC : DISCLOSURE OF TRADING IN OWN SHARES FROM 03/02/2026 TO 03/06/2026,Yes,0,"This article reports a notable development with financial implications, including potential impacts on revenue, costs, balance sheet strength, or shareholder value."
AgriPro,Publish,Publish,Published,"Games, Flutter: revenues of 3.6 billion euros in the first quarter of 2026 (+17%), reaching 31% of the online market in Italy",No,1,"This article reports a notable development with financial implications, including potential impacts on revenue, costs, balance sheet strength, or shareholder value."
Avantor,Publish as Calendar Event,Publish as Calendar Event,Published,"Avantor® to Report First Quarter 2026 Earnings on Wednesday, April 29, 2026",No,1,"Investor conference or earnings presentation provides management a direct channel to update capital markets on financial strategy, performance metrics, and forward-looking expectations."
Aristegui Noticias,Irrelevant Content,Irrelevant,Rejected,"Conflict in the Middle East has a 'hit' in Mexico's favor; it would gain 15 mmdp due to a rise in oil, BBVA estimates",Yes,0,Irrelevant Content
Businesswire,Irrelevant Content,Publish,Published,Trinseo Takes Proactive Step to Strengthen Financial Foundation and to Drive Long-Term Sustainable Growth,Yes,0,"This article reports a notable development with financial implications, including potential impacts on revenue, costs, balance sheet strength, or shareholder value."
Acco Brands,Publish as Calendar Event,Publish as Calendar Event,Published,ACCO Brands Corporation Announces First Quarter 2026 Earnings Webcast,No,1,"Investor conference or earnings presentation provides management a direct channel to update capital markets on financial strategy, performance metrics, and forward-looking expectations."
pr-newswire,Publish,Publish as Results Event,Published,"Peabody Reports Results for the Quarter and Year Ended December 31, 2025",Yes,0,"Earnings disclosure reveals actual revenue, profitability, and cash flow performance, giving investors and analysts the data needed to assess financial health and update valuations."
Alight,Publish as Calendar Event,Publish as Calendar Event,Published,Alight to Announce First Quarter 2026 Results,No,1,"Investor conference or earnings presentation provides management a direct channel to update capital markets on financial strategy, performance metrics, and forward-looking expectations."
PR Newswire,Irrelevant Content,Publish as Calendar Event,Published,Booking Holdings to Make Fourth Quarter and Full Year 2025 Earnings Press Release Available on Company's Investor Relations Website on February 18,Yes,0,"Investor conference or earnings presentation provides management a direct channel to update capital markets on financial strategy, performance metrics, and forward-looking expectations."
Reuters - Global,Irrelevant Content,Publish,Published,"Boston Scientific cuts 2026 profit forecast, trims revenue growth view - Reuters",Yes,0,"This article reports a notable development with financial implications, including potential impacts on revenue, costs, balance sheet strength, or shareholder value."
Aristegui Noticias,Publish as Results Event,Publish,Published,The United States lifts sanctions for gold mining in Venezuela; its companies will be able to negotiate,Yes,0,"This article reports a notable development with financial implications, including potential impacts on revenue, costs, balance sheet strength, or shareholder value."
Aircargo News,Irrelevant Content,Irrelevant,Rejected,Brussels Airport and United Cargo target Virginia pharma volumes,Yes,0,Irrelevant Content
pr-newswire,Irrelevant Content,Publish,Published,Allspring Utilities and High Income Fund (ERH) CUSIP 94987E109 IMPORTANT NOTICE TO SHAREHOLDERS,Yes,0,"This article reports a notable development with financial implications, including potential impacts on revenue, costs, balance sheet strength, or shareholder value."
GlobeNewsWire,Publish,Publish,Published,LyondellBasell completes sale of select European strategic assessment assets,No,1,"This article reports a notable development with financial implications, including potential impacts on revenue, costs, balance sheet strength, or shareholder value."
Abercrombie & Fitch,Publish as Calendar Event,Publish as Calendar Event,Published,"May 27, 2026 8:30 AM EDT : Q1 2026 Abercrombie & Fitch Co. Earnings Conference Call",No,1,"Investor conference or earnings presentation provides management a direct channel to update capital markets on financial strategy, performance metrics, and forward-looking expectations."
Times of India,Edit & Publish,Publish,Published,Capillary Technologies to acquire Mastercard’s Session M for $20 mn,Yes,0,"This article reports a notable development with financial implications, including potential impacts on revenue, costs, balance sheet strength, or shareholder value."
BNamericas,Duplicate,Irrelevant,Rejected,Petrobras pushes output limits on mega offshore platforms,Yes,0,Irrelevant Content
Atlanta Journal-Constitution,Irrelevant Content,Irrelevant,Rejected,Georgia Power floats plan for small savings to customers’ bills,Yes,0,Irrelevant Content
GlobeNewsWire,Irrelevant Content,Publish,Published,Verizon announces tender offers and consent solicitations for 20 series of Verizon and certain of its subsidiaries’ notes,Yes,0,"This article reports a notable development with financial implications, including potential impacts on revenue, costs, balance sheet strength, or shareholder value."
GlobeNewsWire,Irrelevant Content,Publish,Published,Eesti Energia Group Audited Results for the Full Year 2025,Yes,0,"This article reports a notable development with financial implications, including potential impacts on revenue, costs, balance sheet strength, or shareholder value."
GlobeNewsWire,Irrelevant Content,Publish,Published,Canacol Energy Announces Appointment of Chief Restructuring Officer,Yes,0,"This article reports a notable development with financial implications, including potential impacts on revenue, costs, balance sheet strength, or shareholder value."
Ashland,Publish as Calendar Event,Publish as Calendar Event,Published,Ashland sets date for second-quarter fiscal 2026 earnings release and conference call webcast,No,1,"Investor conference or earnings presentation provides management a direct channel to update capital markets on financial strategy, performance metrics, and forward-looking expectations."
Reuters - Global,Irrelevant Content,Publish,Published,Boston Scientific invests $1.5 billion in MiRus with option to buy heart-valve business - Reuters,Yes,0,"This article reports a notable development with financial implications, including potential impacts on revenue, costs, balance sheet strength, or shareholder value."
QZ,Publish,Publish as Results Event,Published,Ross Stores stock pops after blowout sales and earnings beat its own forecast,Yes,0,"Earnings disclosure reveals actual revenue, profitability, and cash flow performance, giving investors and analysts the data needed to assess financial health and update valuations."
Fashion Network,Publish Silently,Publish as Results Event,Published,Canada Goose posts 13.3 percent revenue increase for fiscal year 2026,Yes,0,"Earnings disclosure reveals actual revenue, profitability, and cash flow performance, giving investors and analysts the data needed to assess financial health and update valuations."
Oregonian (Portland),Duplicate,Irrelevant,Rejected,"Ex-Nike exec is selling Portland mansion with indoor pool, sport court for $1.6M. See inside",Yes,0,Irrelevant Content
Acco Brands,Publish as Calendar Event,Publish as Calendar Event,Published,ACCO Brands Corporation Announces Fourth Quarter and Full Year 2025 Earnings Webcast,No,1,"Investor conference or earnings presentation provides management a direct channel to update capital markets on financial strategy, performance metrics, and forward-looking expectations."
Aristegui Noticias,Irrelevant Content,Irrelevant,Rejected,"Pemex pipeline catches fire in Rosarito, BC; the fire has been brought under control",Yes,0,Irrelevant Content
AgriPro,Duplicate,Publish,Published,"Giochi, Codere: net revenues of 64.4 million euros in the first quarter of 2026 (+13%)",Yes,0,"This article reports a notable development with financial implications, including potential impacts on revenue, costs, balance sheet strength, or shareholder value."
American Airlines Group,Irrelevant Content,Irrelevant,Rejected,American Airlines to webcast remarks at Bernstein Strategic Decisions Conference,Yes,0,Irrelevant Content
Academy Sports and Outdoors,Publish as Calendar Event,Publish as Calendar Event,Published,"March 17, 2026 10:00 AM EDT : Academy Sports + Outdoors' Fourth Quarter 2025 Earnings Call",No,1,"Investor conference or earnings presentation provides management a direct channel to update capital markets on financial strategy, performance metrics, and forward-looking expectations."
Aramark,Publish as Results Event,Publish as Results Event,Published,Aramark Reports Second Quarter Earnings,No,1,"Earnings disclosure reveals actual revenue, profitability, and cash flow performance, giving investors and analysts the data needed to assess financial health and update valuations."
Affaritaliani,Irrelevant Content,Irrelevant,Rejected,Stellantis and Dongfeng: Peugeot and Jeep will be born in China,Yes,0,Irrelevant Content
Aircargo News,Irrelevant Content,Irrelevant,Rejected,UPS MD-11F crash: Ramifications of engine pylon bearing failures not fully realised,Yes,0,Irrelevant Content
Reuters - Global,Duplicate,Publish,Published,Western Digital to sell partial Sandisk stake for $3.17 billion to cut debt - Reuters,Yes,0,"This article reports a notable development with financial implications, including potential impacts on revenue, costs, balance sheet strength, or shareholder value."
Alta Equipment,Publish as Calendar Event,Publish as Calendar Event,Published,"Alta Equipment Group Announces Date of Fourth Quarter and Full Year 2025 Financial Results Release, Conference Call and Webcast",No,1,"Investor conference or earnings presentation provides management a direct channel to update capital markets on financial strategy, performance metrics, and forward-looking expectations."
Cision,Irrelevant Content,Publish as Calendar Event,Published,Kemira Oyj: Notice to the Annual General Meeting,Yes,0,"Investor conference or earnings presentation provides management a direct channel to update capital markets on financial strategy, performance metrics, and forward-looking expectations."
Bloomberg,Edit & Publish,Publish,Published,"Bloomberg Tech: Oracle, OpenAI End Plans to Expand (Podcast)",Yes,0,"This article reports a notable development with financial implications, including potential impacts on revenue, costs, balance sheet strength, or shareholder value."
Apache Corporation,Irrelevant Content,Publish,Published,APA Corporation Declares Cash Dividend on Common Shares,Yes,0,"This article reports a notable development with financial implications, including potential impacts on revenue, costs, balance sheet strength, or shareholder value."
Acushnet,Duplicate,Publish as Calendar Event,Published,"Acushnet Holdings Corp. to Announce Full Year and Fourth Quarter 2025 Financial Results on February 26, 2026",Yes,0,"Investor conference or earnings presentation provides management a direct channel to update capital markets on financial strategy, performance metrics, and forward-looking expectations."
Cimpress,Irrelevant Content,Publish,Published,Cimpress Agrees to Purchase SAXOPRINT and viaprinto From CEWE,Yes,0,"This article reports a notable development with financial implications, including potential impacts on revenue, costs, balance sheet strength, or shareholder value."
Les Echos,Publish Silently,Irrelevant,Rejected,Commercial negotiations: cheese maker Savencia fined for non-compliance with its obligations towards farmers,Yes,0,Irrelevant Content
Le Monde,Duplicate,Publish,Published,Heineken leaves an unstable DRC after forty years of operations,Yes,0,"This article reports a notable development with financial implications, including potential impacts on revenue, costs, balance sheet strength, or shareholder value."
El Confidencial,Publish,Irrelevant,Rejected,Telefónica rejects the departure of 352 volunteers in ERE from its three main subsidiaries,Yes,0,Irrelevant Content
WSJ,Irrelevant Content,Publish,Published,Is Bill Ackman's Deal for Universal Music Really Worth $63 Billion?,Yes,0,"This article reports a notable development with financial implications, including potential impacts on revenue, costs, balance sheet strength, or shareholder value."
Apache Corporation,Publish as Results Event,Publish as Results Event,Published,APA Corporation Announces First-Quarter 2026 Financial and Operational Results,No,1,"Earnings disclosure reveals actual revenue, profitability, and cash flow performance, giving investors and analysts the data needed to assess financial health and update valuations."
GlobeNewsWire,Duplicate,Irrelevant,Rejected,Record Performance Fuels Long-Term Value Creation for Linamar,Yes,0,Irrelevant Content
Businesswire,Incorrect Entity Match,Irrelevant,Rejected,ESS Announces Agreement to Join Salt River Project and Google Long Duration Energy Storage Collaboration,Yes,0,Irrelevant Content
Aristegui Noticias,Irrelevant Content,Irrelevant,Rejected,Banamex anticipates annual reviews of the T-MEC until 2028,Yes,0,Irrelevant Content
AgriPro,Irrelevant Content,Irrelevant,Rejected,"Games, news in the Flutter SEA Leadership Team: Rosangela Robbiani is the new Chief Public Affairs Officer, Paola Bausano has the role of Chief Product Officer",Yes,0,Irrelevant Content
Atkore,Publish as Results Event,Publish as Results Event,Published,Atkore Inc. Announces Second Quarter 2026 Results,No,1,"Earnings disclosure reveals actual revenue, profitability, and cash flow performance, giving investors and analysts the data needed to assess financial health and update valuations."
Amkor Technology,Publish as Results Event,Publish as Results Event,Published,Amkor Technology Reports Financial Results for the First Quarter 2026,No,1,"Earnings disclosure reveals actual revenue, profitability, and cash flow performance, giving investors and analysts the data needed to assess financial health and update valuations."
Aircargo News,Publish,Publish,Published,Atlas Air Worldwide appoints new chief people officer,No,1,"This article reports a notable development with financial implications, including potential impacts on revenue, costs, balance sheet strength, or shareholder value."
Aptiv,Publish,Publish,Published,"Aptiv Announces Cash Tender Offer for 3.250% Senior Notes Due 2032, 5.150% Senior Notes Due 2034, 5.750% Senior Notes Due 2054, 5.400% Senior Notes Due 2049, 4.400% Senior Notes Due 2046, 4.150% Senior Notes Due 2052 and 3.100% Senior Notes Due 2051",No,1,"This article reports a notable development with financial implications, including potential impacts on revenue, costs, balance sheet strength, or shareholder value."
Businesswire,Duplicate,Publish as Calendar Event,Published,"Wolverine Worldwide Announces Fourth Quarter and Full Year Fiscal 2025 Conference Call for February 26, 2026",Yes,0,"Investor conference or earnings presentation provides management a direct channel to update capital markets on financial strategy, performance metrics, and forward-looking expectations."
Aristegui Noticias,Duplicate,Irrelevant,Rejected,"Musk engañó a los accionistas de Twitter durante su compra, dictamina jurado de EE.UU.",Yes,0,Irrelevant Content
pr-newswire,Edit & Publish,Publish as Results Event,Published,Johnson Controls Reports Strong Q2 Results; Raises FY26 Guidance,Yes,0,"Earnings disclosure reveals actual revenue, profitability, and cash flow performance, giving investors and analysts the data needed to assess financial health and update valuations."
Reuters - Global,Edit & Publish,Irrelevant,Rejected,"Exclusive: Iran offers proposal allowing ships to exit Oman side of Hormuz free of attack, source says - Reuters",Yes,0,Irrelevant Content
Bloomberg,Irrelevant Content,Publish,Published,Lufthansa Speaks to Investors for Euro Bond as Fuel Stress Grows,Yes,0,"This article reports a notable development with financial implications, including potential impacts on revenue, costs, balance sheet strength, or shareholder value."
GlobeNewsWire,Edit & Publish,Publish as Results Event,Published,"Bogota Financial Corp. Reports Results for the Three and Twelve Months Ended December 31, 2025",Yes,0,"Earnings disclosure reveals actual revenue, profitability, and cash flow performance, giving investors and analysts the data needed to assess financial health and update valuations."
Avantor,Irrelevant Content,Irrelevant,Rejected,Avantor® Unifies Masterflex® Portfolio to Streamline Fluid Management from R&D to Bioprocess Manufacturing,Yes,0,Irrelevant Content
BBC,Irrelevant Content,Irrelevant,Rejected,Consultation ends over STV news programme cuts,Yes,0,Irrelevant Content
ANGI Homeservices,Publish as Calendar Event,Publish as Calendar Event,Published,Angi Inc. to Announce Q1 2026 Earnings on May 5th and Host Earnings Conference Call on May 6th,No,1,"Investor conference or earnings presentation provides management a direct channel to update capital markets on financial strategy, performance metrics, and forward-looking expectations."
Businesswire,Publish as Results Event,Irrelevant,Rejected,Smurfit Westrock plc Results of Annual General Meeting of Shareholders and Filing of Form 8-K Reporting the Same,Yes,0,Irrelevant Content
AgriPro,Irrelevant Content,Irrelevant,Rejected,"Casinos, United States: revenues of 88 million euros in Massachusetts in April (-1.9%)",Yes,0,Irrelevant Content
Amkor Technology,Irrelevant Content,Publish,Published,"Amkor Technology Prices $1,000 Million Convertible Senior Notes Offering",Yes,0,"This article reports a notable development with financial implications, including potential impacts on revenue, costs, balance sheet strength, or shareholder value."
Trade Winds News,Duplicate,Publish,Published,Game on: Genco Shipping sets a date for vote on proxy fight with Diana,Yes,0,"This article reports a notable development with financial implications, including potential impacts on revenue, costs, balance sheet strength, or shareholder value."
Trade Winds News,Irrelevant Content,Publish,Published,"Scorpio share price could hit $100 as new deals drive profit, says Clarksons",Yes,0,"This article reports a notable development with financial implications, including potential impacts on revenue, costs, balance sheet strength, or shareholder value."
Acco Brands,Publish as Results Event,Publish as Results Event,Published,ACCO Brands Reports Fourth Quarter and Full Year Results and Provides Outlook for 2026,No,1,"Earnings disclosure reveals actual revenue, profitability, and cash flow performance, giving investors and analysts the data needed to assess financial health and update valuations."
BBC,Irrelevant Content,Publish,Published,"Home working, long leases and rise of parking apps - what went wrong for NCP",Yes,0,"This article reports a notable development with financial implications, including potential impacts on revenue, costs, balance sheet strength, or shareholder value."
Global Legal Chronicle,Irrelevant Content,Publish,Published,7RIDGE Acquires Fidelity International Strategic Ventures Portfolio,Yes,0,"This article reports a notable development with financial implications, including potential impacts on revenue, costs, balance sheet strength, or shareholder value."
Cision,Publish,Irrelevant,Rejected,Resolutions from the Annual General Meeting of Vestas Wind Systems A/S,Yes,0,Irrelevant Content
Ashland,Publish as Results Event,Publish as Results Event,Published,Ashland reports second quarter fiscal 2026 results and updates full-year outlook,No,1,"Earnings disclosure reveals actual revenue, profitability, and cash flow performance, giving investors and analysts the data needed to assess financial health and update valuations."
Affaritaliani,Duplicate,Publish,Published,"Walmart is now worth a trillion and challenges Big Tech: physical stores, flash deliveries and big investments coming soon",Yes,0,"This article reports a notable development with financial implications, including potential impacts on revenue, costs, balance sheet strength, or shareholder value."
ANGI Homeservices,Duplicate,Publish as Results Event,Published,Angi Inc. Earnings Release and Letter to Shareholders Available on Company’s Website,Yes,0,"Earnings disclosure reveals actual revenue, profitability, and cash flow performance, giving investors and analysts the data needed to assess financial health and update valuations."
QZ,Irrelevant Content,Publish,Published,Porsche's profit slid more than 20% as weak sales weighed on results,Yes,0,"This article reports a notable development with financial implications, including potential impacts on revenue, costs, balance sheet strength, or shareholder value."
Affaritaliani,Irrelevant Content,Irrelevant,Rejected,"Juventus, Elkann confirms Comolli despite the flop: Spalletti will have more power on the market",Yes,0,Irrelevant Content
BBC,Irrelevant Content,Irrelevant,Rejected,West Brom docked two points for PSR rule breaches,Yes,0,Irrelevant Content
Atlanta Journal-Constitution,Duplicate,Publish,Published,Atlanta-based radio giant Cumulus Media files for bankruptcy protection again,Yes,0,"This article reports a notable development with financial implications, including potential impacts on revenue, costs, balance sheet strength, or shareholder value."
Acadia Healthcare,Publish as Results Event,Publish as Results Event,Published,Acadia Healthcare Announces Fourth Quarter and 2025 Results,No,1,"Earnings disclosure reveals actual revenue, profitability, and cash flow performance, giving investors and analysts the data needed to assess financial health and update valuations."
Atkore,Irrelevant Content,Irrelevant,Rejected,Atkore Inc. Announces Participation at Upcoming Investor Conferences,Yes,0,Irrelevant Content
BBC,Irrelevant Content,Publish,Published,"Thames Water should go into administration, investor says",Yes,0,"This article reports a notable development with financial implications, including potential impacts on revenue, costs, balance sheet strength, or shareholder value."
Aircargo News,Irrelevant Content,Irrelevant,Rejected,Crane Worldwide integrates cargo.one for air cargo booking,Yes,0,Irrelevant Content
Affaritaliani,Irrelevant Content,Irrelevant,Rejected,"Oil, Eni receives a license from Trump to explore in Venezuela. The Italian among the five majors",Yes,0,Irrelevant Content
Reuters - Global,Irrelevant Content,Publish,Published,Russia faces lower LNG revenue as shift to Asia doubles costs - Reuters,Yes,0,"This article reports a notable development with financial implications, including potential impacts on revenue, costs, balance sheet strength, or shareholder value."
American Express Global Business Travel,Publish as Calendar Event,Publish as Calendar Event,Published,"American Express Global Business Travel to Report First Quarter 2026 Financial Results on May 11, 2026",No,1,"Investor conference or earnings presentation provides management a direct channel to update capital markets on financial strategy, performance metrics, and forward-looking expectations."
BBC,Duplicate,Publish,Published,Bank of America to pay out $72.5m over Epstein lawsuit,Yes,0,"This article reports a notable development with financial implications, including potential impacts on revenue, costs, balance sheet strength, or shareholder value."
Avantor,Irrelevant Content,Irrelevant,Rejected,Avantor® Enhances U.S. Biomanufacturing Infrastructure with Expanded Stability and Microbial Testing Facility,Yes,0,Irrelevant Content
